date,segment_id,trade_value,truck_crossings,migrant_flow,market_closures
2024-01-07,PREAH_VIHEAR_TEMPLE,109131.28660542303,102,20,0
2024-01-07,TA_MUEN_THOM_TEMPLE,103301.73758887973,179,21,0
2024-01-07,TA_KRABEY_TEMPLE,79322.99211334312,176,28,0
2024-01-07,OSMACH_CHECKPOINT,91551.907555692,125,32,0
2024-01-07,CHONG_CHOM_CHECKPOINT,99457.87306977062,133,55,0
2024-01-07,ARANYAPRATHET_POIPET,90499.3539180598,134,27,0
2024-01-07,PHANOM_DONG_RAK_RIDGE,116801.23229641575,100,37,0
2024-01-07,BAN_KRUAT,95012.28186371119,182,27,0
2024-01-07,KANTHARALAK,107970.58375358269,199,21,0
2024-01-07,SAMRAONG,105895.47216641318,115,47,0
2024-01-14,PREAH_VIHEAR_TEMPLE,108366.74150398222,196,25,0
2024-01-14,TA_MUEN_THOM_TEMPLE,93956.03853417956,184,56,1
2024-01-14,TA_KRABEY_TEMPLE,103134.70911878292,140,43,0
2024-01-14,OSMACH_CHECKPOINT,117903.56730196526,132,51,0
2024-01-14,CHONG_CHOM_CHECKPOINT,75593.90555186861,122,46,0
2024-01-14,ARANYAPRATHET_POIPET,106219.2335234925,193,35,0
2024-01-14,PHANOM_DONG_RAK_RIDGE,114754.97299533205,109,33,0
2024-01-14,BAN_KRUAT,110226.48169432953,166,54,0
2024-01-14,KANTHARALAK,80317.88430213,147,56,0
2024-01-14,SAMRAONG,96032.69161726322,169,42,0
2024-01-21,PREAH_VIHEAR_TEMPLE,97767.91000093763,181,54,0
2024-01-21,TA_MUEN_THOM_TEMPLE,98293.2779477008,174,42,0
2024-01-21,TA_KRABEY_TEMPLE,79857.3832995915,169,50,0
2024-01-21,OSMACH_CHECKPOINT,110202.08103848985,183,20,0
2024-01-21,CHONG_CHOM_CHECKPOINT,106532.63430410194,159,22,0
2024-01-21,ARANYAPRATHET_POIPET,105947.83082759507,160,33,0
2024-01-21,PHANOM_DONG_RAK_RIDGE,76876.6778151787,104,40,0
2024-01-21,BAN_KRUAT,123966.45593865048,138,45,0
2024-01-21,KANTHARALAK,112792.25527816807,103,34,1
2024-01-21,SAMRAONG,90854.11782816699,124,22,0
2024-01-28,PREAH_VIHEAR_TEMPLE,89467.87407720037,116,33,0
2024-01-28,TA_MUEN_THOM_TEMPLE,91818.48154939679,141,53,0
2024-01-28,TA_KRABEY_TEMPLE,61362.4341934239,155,51,0
2024-01-28,OSMACH_CHECKPOINT,120748.60238910961,183,50,0
2024-01-28,CHONG_CHOM_CHECKPOINT,86885.79365318577,157,53,0
2024-01-28,ARANYAPRATHET_POIPET,104847.82378105556,102,28,0
2024-01-28,PHANOM_DONG_RAK_RIDGE,96515.87095147779,142,40,0
2024-01-28,BAN_KRUAT,122839.85641623379,180,34,0
2024-01-28,KANTHARALAK,79165.98732342439,182,56,0
2024-01-28,SAMRAONG,112316.97275939769,113,29,0
2024-02-04,PREAH_VIHEAR_TEMPLE,80998.59540509006,160,56,0
2024-02-04,TA_MUEN_THOM_TEMPLE,90928.97822747823,124,41,0
2024-02-04,TA_KRABEY_TEMPLE,80939.40490259911,101,43,0
2024-02-04,OSMACH_CHECKPOINT,127152.72467936359,177,33,0
2024-02-04,CHONG_CHOM_CHECKPOINT,115928.32363678241,160,57,0
2024-02-04,ARANYAPRATHET_POIPET,75533.50802106404,162,45,0
2024-02-04,PHANOM_DONG_RAK_RIDGE,91274.72394837014,158,51,0
2024-02-04,BAN_KRUAT,94066.36802945135,133,46,0
2024-02-04,KANTHARALAK,99243.9870559987,149,59,0
2024-02-04,SAMRAONG,90343.2596176695,167,20,0
2024-02-11,PREAH_VIHEAR_TEMPLE,93459.46349974684,111,50,0
2024-02-11,TA_MUEN_THOM_TEMPLE,113669.38968013466,163,28,0
2024-02-11,TA_KRABEY_TEMPLE,111508.51875693299,178,37,0
2024-02-11,OSMACH_CHECKPOINT,111133.04399091101,155,32,0
2024-02-11,CHONG_CHOM_CHECKPOINT,86210.17419529663,156,26,0
2024-02-11,ARANYAPRATHET_POIPET,100759.05117175885,113,43,0
2024-02-11,PHANOM_DONG_RAK_RIDGE,109437.65282792656,170,35,0
2024-02-11,BAN_KRUAT,90702.44035656088,134,45,0
2024-02-11,KANTHARALAK,109833.5927430071,177,57,0
2024-02-11,SAMRAONG,94292.28090219373,148,35,0
2024-02-18,PREAH_VIHEAR_TEMPLE,92439.99286456335,109,21,0
2024-02-18,TA_MUEN_THOM_TEMPLE,61651.214012275974,85,59,1
2024-02-18,TA_KRABEY_TEMPLE,105113.42044065811,138,41,0
2024-02-18,OSMACH_CHECKPOINT,122834.89044445154,143,22,0
2024-02-18,CHONG_CHOM_CHECKPOINT,66483.50807969001,181,43,0
2024-02-18,ARANYAPRATHET_POIPET,104019.03459369717,158,36,0
2024-02-18,PHANOM_DONG_RAK_RIDGE,95447.83758328564,186,52,0
2024-02-18,BAN_KRUAT,118953.17105195919,133,45,0
2024-02-18,KANTHARALAK,96374.07858261475,172,25,0
2024-02-18,SAMRAONG,116632.33092057132,106,32,0
2024-02-25,PREAH_VIHEAR_TEMPLE,102644.95255937244,138,55,0
2024-02-25,TA_MUEN_THOM_TEMPLE,124284.10887316342,156,53,0
2024-02-25,TA_KRABEY_TEMPLE,114351.50405919185,189,50,0
2024-02-25,OSMACH_CHECKPOINT,97572.39732542861,185,38,0
2024-02-25,CHONG_CHOM_CHECKPOINT,113242.28986860579,113,45,0
2024-02-25,ARANYAPRATHET_POIPET,106940.63408573938,175,52,0
2024-02-25,PHANOM_DONG_RAK_RIDGE,56981.37803352103,173,34,0
2024-02-25,BAN_KRUAT,96140.01972291828,109,37,0
2024-02-25,KANTHARALAK,97954.51002549627,143,29,0
2024-02-25,SAMRAONG,75216.12618783914,184,38,0
2024-03-03,PREAH_VIHEAR_TEMPLE,79595.1663191192,114,27,0
2024-03-03,TA_MUEN_THOM_TEMPLE,121793.8317135003,100,59,0
2024-03-03,TA_KRABEY_TEMPLE,91042.93487750218,174,39,0
2024-03-03,OSMACH_CHECKPOINT,104942.05337217616,144,36,0
2024-03-03,CHONG_CHOM_CHECKPOINT,91666.25398995834,153,55,0
2024-03-03,ARANYAPRATHET_POIPET,128334.43848671051,172,21,0
2024-03-03,PHANOM_DONG_RAK_RIDGE,98138.52021799816,183,40,0
2024-03-03,BAN_KRUAT,110370.60672332326,188,37,0
2024-03-03,KANTHARALAK,123498.15797865757,119,46,0
2024-03-03,SAMRAONG,92972.50215086635,160,55,0
2024-03-10,PREAH_VIHEAR_TEMPLE,118304.93871083138,195,22,0
2024-03-10,TA_MUEN_THOM_TEMPLE,98467.64496971366,184,50,0
2024-03-10,TA_KRABEY_TEMPLE,106054.9485605769,121,43,0
2024-03-10,OSMACH_CHECKPOINT,111786.48096745058,116,42,0
2024-03-10,CHONG_CHOM_CHECKPOINT,101515.45497595108,158,28,0
2024-03-10,ARANYAPRATHET_POIPET,75511.08257274408,185,30,0
2024-03-10,PHANOM_DONG_RAK_RIDGE,85976.54016465324,108,55,0
2024-03-10,BAN_KRUAT,102155.43589451304,143,55,0
2024-03-10,KANTHARALAK,96892.74276236923,132,40,0
2024-03-10,SAMRAONG,100262.56292826193,133,23,0
2024-03-17,PREAH_VIHEAR_TEMPLE,72892.1656186334,80,51,0
2024-03-17,TA_MUEN_THOM_TEMPLE,118134.58026042255,108,39,0
2024-03-17,TA_KRABEY_TEMPLE,110425.45790778907,149,48,0
2024-03-17,OSMACH_CHECKPOINT,84776.73437712422,175,27,0
2024-03-17,CHONG_CHOM_CHECKPOINT,93635.03625996545,120,28,0
2024-03-17,ARANYAPRATHET_POIPET,79698.5558275698,128,40,0
2024-03-17,PHANOM_DONG_RAK_RIDGE,120745.28936621101,181,26,0
2024-03-17,BAN_KRUAT,93830.32696423403,170,45,0
2024-03-17,KANTHARALAK,78305.65623445812,114,31,0
2024-03-17,SAMRAONG,102702.4282454593,198,52,0
2024-03-24,PREAH_VIHEAR_TEMPLE,107479.05950730028,140,49,1
2024-03-24,TA_MUEN_THOM_TEMPLE,125931.68972317653,181,44,0
2024-03-24,TA_KRABEY_TEMPLE,117353.08566067346,192,46,0
2024-03-24,OSMACH_CHECKPOINT,109818.25756302476,101,34,0
2024-03-24,CHONG_CHOM_CHECKPOINT,110191.70254449318,120,31,0
2024-03-24,ARANYAPRATHET_POIPET,108554.68091795435,160,33,0
2024-03-24,PHANOM_DONG_RAK_RIDGE,100482.28578614791,117,58,0
2024-03-24,BAN_KRUAT,76050.01783079407,94,45,1
2024-03-24,KANTHARALAK,106758.72516316938,124,34,0
2024-03-24,SAMRAONG,77571.28102416586,127,42,0
2024-03-31,PREAH_VIHEAR_TEMPLE,71902.58050887466,192,34,0
2024-03-31,TA_MUEN_THOM_TEMPLE,92490.2062368391,124,30,0
2024-03-31,TA_KRABEY_TEMPLE,103706.96178464005,171,33,0
2024-03-31,OSMACH_CHECKPOINT,60485.04970838267,180,32,0
2024-03-31,CHONG_CHOM_CHECKPOINT,66302.0455031665,155,25,0
2024-03-31,ARANYAPRATHET_POIPET,106471.78136256305,162,39,0
2024-03-31,PHANOM_DONG_RAK_RIDGE,93255.69018342718,163,21,0
2024-03-31,BAN_KRUAT,113559.42017387862,137,49,0
2024-03-31,KANTHARALAK,70454.74827874168,106,23,0
2024-03-31,SAMRAONG,83095.6177894758,122,38,0
2024-04-07,PREAH_VIHEAR_TEMPLE,101915.34564130785,127,39,0
2024-04-07,TA_MUEN_THOM_TEMPLE,92097.80981861024,132,46,0
2024-04-07,TA_KRABEY_TEMPLE,115298.57493547819,109,57,0
2024-04-07,OSMACH_CHECKPOINT,110817.47440696103,109,32,0
2024-04-07,CHONG_CHOM_CHECKPOINT,129106.77934694999,179,59,0
2024-04-07,ARANYAPRATHET_POIPET,70479.28449736466,133,45,0
2024-04-07,PHANOM_DONG_RAK_RIDGE,111250.96367955866,115,30,0
2024-04-07,BAN_KRUAT,112099.92432861002,140,39,0
2024-04-07,KANTHARALAK,67306.45684704112,162,39,0
2024-04-07,SAMRAONG,98040.8768135665,179,52,0
2024-04-14,PREAH_VIHEAR_TEMPLE,88006.19593954517,190,42,0
2024-04-14,TA_MUEN_THOM_TEMPLE,145704.57001861653,192,44,0
2024-04-14,TA_KRABEY_TEMPLE,124797.82147963846,131,58,0
2024-04-14,OSMACH_CHECKPOINT,125355.53710271616,172,21,0
2024-04-14,CHONG_CHOM_CHECKPOINT,107508.37592012584,127,27,0
2024-04-14,ARANYAPRATHET_POIPET,74011.1736366572,137,31,0
2024-04-14,PHANOM_DONG_RAK_RIDGE,110977.80143463763,177,30,0
2024-04-14,BAN_KRUAT,85224.07996926382,127,22,0
2024-04-14,KANTHARALAK,96389.26793891325,93,37,1
2024-04-14,SAMRAONG,93169.29366233121,131,54,0
2024-04-21,PREAH_VIHEAR_TEMPLE,82430.53656282027,182,37,0
2024-04-21,TA_MUEN_THOM_TEMPLE,89537.55967514259,103,58,0
2024-04-21,TA_KRABEY_TEMPLE,117813.93295584232,163,35,0
2024-04-21,OSMACH_CHECKPOINT,108864.84342298412,116,36,0
2024-04-21,CHONG_CHOM_CHECKPOINT,102165.20473658823,197,39,0
2024-04-21,ARANYAPRATHET_POIPET,118732.443803057,169,33,0
2024-04-21,PHANOM_DONG_RAK_RIDGE,90770.08691992633,189,47,0
2024-04-21,BAN_KRUAT,117324.05404397062,112,33,0
2024-04-21,KANTHARALAK,114636.21413763634,179,47,0
2024-04-21,SAMRAONG,111240.68575852289,106,29,0
2024-04-28,PREAH_VIHEAR_TEMPLE,99235.23512263759,102,25,0
2024-04-28,TA_MUEN_THOM_TEMPLE,108499.77463681952,165,21,0
2024-04-28,TA_KRABEY_TEMPLE,108696.74045379368,191,40,0
2024-04-28,OSMACH_CHECKPOINT,112797.86495969036,169,35,0
2024-04-28,CHONG_CHOM_CHECKPOINT,101565.94904390632,124,49,0
2024-04-28,ARANYAPRATHET_POIPET,100838.9309634745,142,48,0
2024-04-28,PHANOM_DONG_RAK_RIDGE,101649.08493967004,175,27,0
2024-04-28,BAN_KRUAT,64770.868753038776,162,29,0
2024-04-28,KANTHARALAK,112248.15915842443,195,47,0
2024-04-28,SAMRAONG,110803.45602768623,130,35,0
2024-05-05,PREAH_VIHEAR_TEMPLE,102166.88523539493,154,35,0
2024-05-05,TA_MUEN_THOM_TEMPLE,94398.99517223488,167,45,0
2024-05-05,TA_KRABEY_TEMPLE,114801.04288773083,111,34,0
2024-05-05,OSMACH_CHECKPOINT,92789.2291031143,123,32,0
2024-05-05,CHONG_CHOM_CHECKPOINT,106409.44585600273,137,31,0
2024-05-05,ARANYAPRATHET_POIPET,90111.50095701788,87,34,1
2024-05-05,PHANOM_DONG_RAK_RIDGE,85374.63422434808,101,37,1
2024-05-05,BAN_KRUAT,104412.74975769085,128,24,0
2024-05-05,KANTHARALAK,83382.40687644358,118,40,0
2024-05-05,SAMRAONG,114297.705436445,189,40,0
2024-05-12,PREAH_VIHEAR_TEMPLE,95788.18203997439,141,23,0
2024-05-12,TA_MUEN_THOM_TEMPLE,121172.9801966825,156,25,0
2024-05-12,TA_KRABEY_TEMPLE,92336.01652176408,194,48,0
2024-05-12,OSMACH_CHECKPOINT,96901.04430656227,160,30,0
2024-05-12,CHONG_CHOM_CHECKPOINT,104736.06391003572,188,27,0
2024-05-12,ARANYAPRATHET_POIPET,101415.16900001616,147,50,0
2024-05-12,PHANOM_DONG_RAK_RIDGE,79816.8301364039,179,36,0
2024-05-12,BAN_KRUAT,85081.03727513936,166,58,0
2024-05-12,KANTHARALAK,50027.99693362889,82,22,1
2024-05-12,SAMRAONG,106661.94582138251,115,54,0
2024-05-19,PREAH_VIHEAR_TEMPLE,59042.20896890728,143,48,0
2024-05-19,TA_MUEN_THOM_TEMPLE,140154.6206620203,187,27,0
2024-05-19,TA_KRABEY_TEMPLE,128534.36448842734,157,44,0
2024-05-19,OSMACH_CHECKPOINT,112183.70627246496,176,59,0
2024-05-19,CHONG_CHOM_CHECKPOINT,123813.27709172298,165,58,0
2024-05-19,ARANYAPRATHET_POIPET,83333.99792266988,173,55,0
2024-05-19,PHANOM_DONG_RAK_RIDGE,95558.69359350545,119,52,0
2024-05-19,BAN_KRUAT,108258.15031340932,158,23,0
2024-05-19,KANTHARALAK,95472.99835773945,154,54,0
2024-05-19,SAMRAONG,135632.58138889377,108,26,0
2024-05-26,PREAH_VIHEAR_TEMPLE,87856.60178981793,158,22,0
2024-05-26,TA_MUEN_THOM_TEMPLE,65133.586924845964,111,47,0
2024-05-26,TA_KRABEY_TEMPLE,113186.91118119817,145,56,0
2024-05-26,OSMACH_CHECKPOINT,95752.54909807195,161,25,0
2024-05-26,CHONG_CHOM_CHECKPOINT,99713.62265603153,158,46,0
2024-05-26,ARANYAPRATHET_POIPET,102225.75670826591,128,49,0
2024-05-26,PHANOM_DONG_RAK_RIDGE,99986.8060305545,160,33,0
2024-05-26,BAN_KRUAT,105728.2983512726,173,28,0
2024-05-26,KANTHARALAK,87036.63222980223,194,30,0
2024-05-26,SAMRAONG,108405.08510249628,175,45,0
2024-06-02,PREAH_VIHEAR_TEMPLE,92233.0745536332,140,57,1
2024-06-02,TA_MUEN_THOM_TEMPLE,83921.72072391896,138,20,0
2024-06-02,TA_KRABEY_TEMPLE,91781.36074573493,122,46,0
2024-06-02,OSMACH_CHECKPOINT,105524.74937130854,198,20,0
2024-06-02,CHONG_CHOM_CHECKPOINT,112246.8275547547,189,44,0
2024-06-02,ARANYAPRATHET_POIPET,127894.74086910191,193,59,0
2024-06-02,PHANOM_DONG_RAK_RIDGE,89433.26996754772,135,27,0
2024-06-02,BAN_KRUAT,122236.75127436616,167,23,0
2024-06-02,KANTHARALAK,96041.99650616926,113,28,0
2024-06-02,SAMRAONG,70184.8921606234,184,51,0
2024-06-09,PREAH_VIHEAR_TEMPLE,91316.15986209392,142,58,0
2024-06-09,TA_MUEN_THOM_TEMPLE,92866.83332245958,120,22,0
2024-06-09,TA_KRABEY_TEMPLE,121036.67512098713,119,49,0
2024-06-09,OSMACH_CHECKPOINT,90674.62470464119,131,57,0
2024-06-09,CHONG_CHOM_CHECKPOINT,95890.20574943455,158,41,0
2024-06-09,ARANYAPRATHET_POIPET,124192.65866743629,101,37,0
2024-06-09,PHANOM_DONG_RAK_RIDGE,102724.20848057778,183,49,0
2024-06-09,BAN_KRUAT,89254.14126240053,185,41,0
2024-06-09,KANTHARALAK,102868.97264524356,151,58,0
2024-06-09,SAMRAONG,100885.11965894248,198,21,0
2024-06-16,PREAH_VIHEAR_TEMPLE,96967.95683335762,138,24,0
2024-06-16,TA_MUEN_THOM_TEMPLE,105655.63794300953,167,57,0
2024-06-16,TA_KRABEY_TEMPLE,98202.85618565838,186,27,0
2024-06-16,OSMACH_CHECKPOINT,95317.60586736731,156,33,0
2024-06-16,CHONG_CHOM_CHECKPOINT,102315.7571655634,113,43,0
2024-06-16,ARANYAPRATHET_POIPET,75670.08359255797,134,35,1
2024-06-16,PHANOM_DONG_RAK_RIDGE,107765.26387889111,181,23,0
2024-06-16,BAN_KRUAT,53951.733117026924,167,50,0
2024-06-16,KANTHARALAK,63374.42468907275,146,31,0
2024-06-16,SAMRAONG,83466.83087075081,162,40,0
2024-06-23,PREAH_VIHEAR_TEMPLE,114130.45891855306,181,46,0
2024-06-23,TA_MUEN_THOM_TEMPLE,104543.64163285721,136,52,0
2024-06-23,TA_KRABEY_TEMPLE,126015.09037950951,175,20,0
2024-06-23,OSMACH_CHECKPOINT,88272.21694881262,176,42,0
2024-06-23,CHONG_CHOM_CHECKPOINT,79501.3477930022,101,24,0
2024-06-23,ARANYAPRATHET_POIPET,100080.74179276869,148,32,0
2024-06-23,PHANOM_DONG_RAK_RIDGE,91908.15456236027,156,50,0
2024-06-23,BAN_KRUAT,122594.31902835958,161,40,0
2024-06-23,KANTHARALAK,107492.77168923513,155,33,0
2024-06-23,SAMRAONG,111315.03896805682,129,36,0
2024-06-30,PREAH_VIHEAR_TEMPLE,102319.64362662811,169,21,0
2024-06-30,TA_MUEN_THOM_TEMPLE,82376.63939282764,146,35,1
2024-06-30,TA_KRABEY_TEMPLE,81254.16160295845,115,21,1
2024-06-30,OSMACH_CHECKPOINT,73067.04690929968,121,25,1
2024-06-30,CHONG_CHOM_CHECKPOINT,97859.43685066285,182,44,0
2024-06-30,ARANYAPRATHET_POIPET,92453.03303768215,75,30,1
2024-06-30,PHANOM_DONG_RAK_RIDGE,89920.04291018954,151,59,0
2024-06-30,BAN_KRUAT,115629.28618843574,159,29,0
2024-06-30,KANTHARALAK,101251.42967619596,105,57,0
2024-06-30,SAMRAONG,132671.4754867806,128,31,0
2024-07-07,PREAH_VIHEAR_TEMPLE,88262.07862946956,196,21,0
2024-07-07,TA_MUEN_THOM_TEMPLE,64356.50376522071,197,57,0
2024-07-07,TA_KRABEY_TEMPLE,105789.49759941844,164,29,0
2024-07-07,OSMACH_CHECKPOINT,93241.9821507657,182,28,0
2024-07-07,CHONG_CHOM_CHECKPOINT,113216.60015730551,187,29,0
2024-07-07,ARANYAPRATHET_POIPET,104641.58742763233,195,42,0
2024-07-07,PHANOM_DONG_RAK_RIDGE,111865.40273258086,145,55,0
2024-07-07,BAN_KRUAT,97147.89098555513,165,55,0
2024-07-07,KANTHARALAK,95209.95240603872,189,26,0
2024-07-07,SAMRAONG,129407.69797186294,183,55,0
2024-07-14,PREAH_VIHEAR_TEMPLE,103430.57746510774,107,38,0
2024-07-14,TA_MUEN_THOM_TEMPLE,117043.2485480164,104,29,0
2024-07-14,TA_KRABEY_TEMPLE,107215.95735475853,164,25,0
2024-07-14,OSMACH_CHECKPOINT,105118.9802935919,184,45,0
2024-07-14,CHONG_CHOM_CHECKPOINT,79467.11006712547,128,43,0
2024-07-14,ARANYAPRATHET_POIPET,86005.40163214983,139,31,0
2024-07-14,PHANOM_DONG_RAK_RIDGE,80432.6194009411,143,35,0
2024-07-14,BAN_KRUAT,92273.30656944253,128,32,0
2024-07-14,KANTHARALAK,114257.59827687076,131,34,0
2024-07-14,SAMRAONG,101434.23365045074,148,31,0
2024-07-21,PREAH_VIHEAR_TEMPLE,98567.94098118143,131,42,0
2024-07-21,TA_MUEN_THOM_TEMPLE,95226.03342305729,198,45,0
2024-07-21,TA_KRABEY_TEMPLE,85009.21792605339,176,22,0
2024-07-21,OSMACH_CHECKPOINT,77181.5204664249,188,55,0
2024-07-21,CHONG_CHOM_CHECKPOINT,99355.37122619925,166,32,0
2024-07-21,ARANYAPRATHET_POIPET,107013.39714029459,103,25,0
2024-07-21,PHANOM_DONG_RAK_RIDGE,122645.11078757246,175,53,0
2024-07-21,BAN_KRUAT,87039.79521752638,175,41,0
2024-07-21,KANTHARALAK,109500.87767295148,132,53,0
2024-07-21,SAMRAONG,117451.52944822898,121,43,0
2024-07-28,PREAH_VIHEAR_TEMPLE,93966.58078101682,190,38,0
2024-07-28,TA_MUEN_THOM_TEMPLE,106216.23389524771,152,37,0
2024-07-28,TA_KRABEY_TEMPLE,85281.80024389678,171,37,0
2024-07-28,OSMACH_CHECKPOINT,105669.70945343893,176,42,0
2024-07-28,CHONG_CHOM_CHECKPOINT,86817.40805314836,139,30,0
2024-07-28,ARANYAPRATHET_POIPET,103799.65638333833,171,26,0
2024-07-28,PHANOM_DONG_RAK_RIDGE,124981.92931165756,161,29,0
2024-07-28,BAN_KRUAT,101045.67328388443,166,35,0
2024-07-28,KANTHARALAK,80463.00203150277,161,53,0
2024-07-28,SAMRAONG,110740.10990915305,187,51,0
2024-08-04,PREAH_VIHEAR_TEMPLE,129301.01075941659,101,21,0
2024-08-04,TA_MUEN_THOM_TEMPLE,102985.12080320023,110,46,0
2024-08-04,TA_KRABEY_TEMPLE,96103.61238985947,127,29,0
2024-08-04,OSMACH_CHECKPOINT,94296.57258108915,196,25,0
2024-08-04,CHONG_CHOM_CHECKPOINT,118972.02404572669,107,39,0
2024-08-04,ARANYAPRATHET_POIPET,110196.82390994666,147,49,0
2024-08-04,PHANOM_DONG_RAK_RIDGE,115775.54119820008,107,56,0
2024-08-04,BAN_KRUAT,115761.79891442116,160,47,0
2024-08-04,KANTHARALAK,104042.17459996731,165,26,0
2024-08-04,SAMRAONG,114639.34220425392,197,34,0
2024-08-11,PREAH_VIHEAR_TEMPLE,98663.6477541918,160,41,0
2024-08-11,TA_MUEN_THOM_TEMPLE,112326.83133071299,125,22,0
2024-08-11,TA_KRABEY_TEMPLE,96799.52447456402,123,54,0
2024-08-11,OSMACH_CHECKPOINT,89451.75319392771,117,34,0
2024-08-11,CHONG_CHOM_CHECKPOINT,112875.06543903942,138,21,0
2024-08-11,ARANYAPRATHET_POIPET,116914.84104859695,136,32,0
2024-08-11,PHANOM_DONG_RAK_RIDGE,123007.45275433653,194,51,0
2024-08-11,BAN_KRUAT,118806.58876960061,149,27,0
2024-08-11,KANTHARALAK,36632.18997534026,161,51,1
2024-08-11,SAMRAONG,76714.85710063117,116,44,0
2024-08-18,PREAH_VIHEAR_TEMPLE,117868.00810028092,125,40,0
2024-08-18,TA_MUEN_THOM_TEMPLE,111998.69655626295,191,25,0
2024-08-18,TA_KRABEY_TEMPLE,102338.82682852187,153,55,0
2024-08-18,OSMACH_CHECKPOINT,108323.05661334263,115,21,0
2024-08-18,CHONG_CHOM_CHECKPOINT,75894.14444736266,102,54,0
2024-08-18,ARANYAPRATHET_POIPET,88250.99987423452,164,22,0
2024-08-18,PHANOM_DONG_RAK_RIDGE,89196.47487032595,184,57,0
2024-08-18,BAN_KRUAT,99143.73025124002,189,46,0
2024-08-18,KANTHARALAK,140014.72619396404,198,51,0
2024-08-18,SAMRAONG,100442.43290596055,131,52,0
2024-08-25,PREAH_VIHEAR_TEMPLE,116391.55280566559,166,20,0
2024-08-25,TA_MUEN_THOM_TEMPLE,122836.20656339588,156,30,0
2024-08-25,TA_KRABEY_TEMPLE,81784.04997961526,116,40,0
2024-08-25,OSMACH_CHECKPOINT,66264.41320525488,143,34,0
2024-08-25,CHONG_CHOM_CHECKPOINT,106395.53848539459,165,35,0
2024-08-25,ARANYAPRATHET_POIPET,62572.78453160786,121,53,0
2024-08-25,PHANOM_DONG_RAK_RIDGE,117946.02472460589,194,49,0
2024-08-25,BAN_KRUAT,111968.65583351979,115,41,0
2024-08-25,KANTHARALAK,98433.18229150242,168,34,0
2024-08-25,SAMRAONG,77915.62145515713,146,53,0
2024-09-01,PREAH_VIHEAR_TEMPLE,102718.46899694239,131,41,0
2024-09-01,TA_MUEN_THOM_TEMPLE,101405.96309872899,118,51,0
2024-09-01,TA_KRABEY_TEMPLE,101210.85477325936,155,43,0
2024-09-01,OSMACH_CHECKPOINT,110845.9483985857,121,58,0
2024-09-01,CHONG_CHOM_CHECKPOINT,96164.24609454689,144,43,0
2024-09-01,ARANYAPRATHET_POIPET,100367.49319767009,132,33,0
2024-09-01,PHANOM_DONG_RAK_RIDGE,113577.20874566573,162,42,0
2024-09-01,BAN_KRUAT,121723.3907698707,116,35,0
2024-09-01,KANTHARALAK,95552.40486105495,171,43,0
2024-09-01,SAMRAONG,120857.69360899588,152,51,0
2024-09-08,PREAH_VIHEAR_TEMPLE,93081.0839255905,152,34,0
2024-09-08,TA_MUEN_THOM_TEMPLE,125007.47706920841,195,50,0
2024-09-08,TA_KRABEY_TEMPLE,112068.24026293925,103,51,0
2024-09-08,OSMACH_CHECKPOINT,142631.61787857924,192,54,0
2024-09-08,CHONG_CHOM_CHECKPOINT,93113.8062037227,135,46,0
2024-09-08,ARANYAPRATHET_POIPET,78907.5084602125,155,23,0
2024-09-08,PHANOM_DONG_RAK_RIDGE,92452.5905033217,71,50,1
2024-09-08,BAN_KRUAT,95626.47009359821,139,20,0
2024-09-08,KANTHARALAK,99348.25685394672,186,40,0
2024-09-08,SAMRAONG,95894.2565264622,117,45,0
2024-09-15,PREAH_VIHEAR_TEMPLE,93948.66168915536,147,59,0
2024-09-15,TA_MUEN_THOM_TEMPLE,117019.94242536985,154,20,0
2024-09-15,TA_KRABEY_TEMPLE,73761.06225831604,168,50,0
2024-09-15,OSMACH_CHECKPOINT,114408.18192290385,162,48,0
2024-09-15,CHONG_CHOM_CHECKPOINT,142791.05589511423,150,37,0
2024-09-15,ARANYAPRATHET_POIPET,93880.93058489516,178,46,0
2024-09-15,PHANOM_DONG_RAK_RIDGE,116111.25468716983,192,33,0
2024-09-15,BAN_KRUAT,123978.76177513239,160,41,0
2024-09-15,KANTHARALAK,110441.2603125253,158,23,0
2024-09-15,SAMRAONG,87161.70380741147,164,36,0
2024-09-22,PREAH_VIHEAR_TEMPLE,84828.62709429365,119,23,0
2024-09-22,TA_MUEN_THOM_TEMPLE,79920.72892969957,132,24,1
2024-09-22,TA_KRABEY_TEMPLE,90199.58926457723,105,56,0
2024-09-22,OSMACH_CHECKPOINT,108366.92844747493,164,39,0
2024-09-22,CHONG_CHOM_CHECKPOINT,134928.70187538123,140,43,0
2024-09-22,ARANYAPRATHET_POIPET,81332.46371748604,100,29,0
2024-09-22,PHANOM_DONG_RAK_RIDGE,81889.52358511624,102,45,0
2024-09-22,BAN_KRUAT,109519.62746934932,125,55,0
2024-09-22,KANTHARALAK,103586.63581821424,171,24,0
2024-09-22,SAMRAONG,132800.34500134527,126,58,0
2024-09-29,PREAH_VIHEAR_TEMPLE,93861.7899943932,186,29,0
2024-09-29,TA_MUEN_THOM_TEMPLE,81235.30321486316,89,59,0
2024-09-29,TA_KRABEY_TEMPLE,98144.42381680812,131,21,0
2024-09-29,OSMACH_CHECKPOINT,66990.13868125173,127,42,1
2024-09-29,CHONG_CHOM_CHECKPOINT,80551.65267471783,152,45,0
2024-09-29,ARANYAPRATHET_POIPET,94478.20976240264,195,45,0
2024-09-29,PHANOM_DONG_RAK_RIDGE,87829.01951971439,143,36,0
2024-09-29,BAN_KRUAT,89637.93676088411,188,42,0
2024-09-29,KANTHARALAK,84045.65859245151,115,53,0
2024-09-29,SAMRAONG,87455.89561016783,114,27,1
2024-10-06,PREAH_VIHEAR_TEMPLE,96030.18240238004,171,46,0
2024-10-06,TA_MUEN_THOM_TEMPLE,102782.33785004535,186,59,0
2024-10-06,TA_KRABEY_TEMPLE,90622.58059081789,167,58,0
2024-10-06,OSMACH_CHECKPOINT,101552.41748933426,126,57,0
2024-10-06,CHONG_CHOM_CHECKPOINT,119647.28980917572,113,28,0
2024-10-06,ARANYAPRATHET_POIPET,102634.56123257299,169,28,0
2024-10-06,PHANOM_DONG_RAK_RIDGE,85042.19954949025,122,51,0
2024-10-06,BAN_KRUAT,99640.19859846932,115,44,0
2024-10-06,KANTHARALAK,80961.62312398964,100,20,0
2024-10-06,SAMRAONG,119458.39645002907,194,41,0
2024-10-13,PREAH_VIHEAR_TEMPLE,91096.23185508592,130,20,0
2024-10-13,TA_MUEN_THOM_TEMPLE,93080.12757731485,120,30,0
2024-10-13,TA_KRABEY_TEMPLE,68837.87913174409,172,58,0
2024-10-13,OSMACH_CHECKPOINT,108639.58207952538,134,33,0
2024-10-13,CHONG_CHOM_CHECKPOINT,107527.48202379167,123,49,0
2024-10-13,ARANYAPRATHET_POIPET,73627.61444168843,193,30,0
2024-10-13,PHANOM_DONG_RAK_RIDGE,95975.19127563955,170,41,0
2024-10-13,BAN_KRUAT,109295.79706787349,181,37,0
2024-10-13,KANTHARALAK,112897.77771759155,196,50,0
2024-10-13,SAMRAONG,83251.78712179649,183,39,0
2024-10-20,PREAH_VIHEAR_TEMPLE,64486.58146796439,187,59,0
2024-10-20,TA_MUEN_THOM_TEMPLE,96608.84455334432,163,47,0
2024-10-20,TA_KRABEY_TEMPLE,71169.65674244045,132,53,0
2024-10-20,OSMACH_CHECKPOINT,73128.61924809689,154,39,0
2024-10-20,CHONG_CHOM_CHECKPOINT,73863.6195437448,110,46,0
2024-10-20,ARANYAPRATHET_POIPET,125767.28010251153,147,41,0
2024-10-20,PHANOM_DONG_RAK_RIDGE,90436.61063568333,128,24,0
2024-10-20,BAN_KRUAT,90706.28698858828,125,50,0
2024-10-20,KANTHARALAK,87121.69548847094,176,36,0
2024-10-20,SAMRAONG,88720.26717495112,165,43,0
2024-10-27,PREAH_VIHEAR_TEMPLE,97968.3912535407,178,33,0
2024-10-27,TA_MUEN_THOM_TEMPLE,107697.05825442172,134,51,0
2024-10-27,TA_KRABEY_TEMPLE,92917.9670578448,158,51,0
2024-10-27,OSMACH_CHECKPOINT,87205.15975993233,108,25,0
2024-10-27,CHONG_CHOM_CHECKPOINT,95568.50368926718,186,27,0
2024-10-27,ARANYAPRATHET_POIPET,100037.23930345773,112,34,0
2024-10-27,PHANOM_DONG_RAK_RIDGE,98527.56846607102,190,53,0
2024-10-27,BAN_KRUAT,93038.71990152019,121,36,0
2024-10-27,KANTHARALAK,82575.4793166673,102,45,0
2024-10-27,SAMRAONG,99636.40468352858,138,59,0
2024-11-03,PREAH_VIHEAR_TEMPLE,86128.9723408623,196,48,0
2024-11-03,TA_MUEN_THOM_TEMPLE,96014.34059553452,132,48,0
2024-11-03,TA_KRABEY_TEMPLE,113346.67723188567,142,46,0
2024-11-03,OSMACH_CHECKPOINT,75837.08006797152,112,45,0
2024-11-03,CHONG_CHOM_CHECKPOINT,108135.20762953692,126,52,0
2024-11-03,ARANYAPRATHET_POIPET,73832.31448225681,146,58,0
2024-11-03,PHANOM_DONG_RAK_RIDGE,57841.56166575813,117,43,0
2024-11-03,BAN_KRUAT,92749.37575851222,102,49,0
2024-11-03,KANTHARALAK,129563.05914872968,125,59,0
2024-11-03,SAMRAONG,88557.66930980879,168,37,0
2024-11-10,PREAH_VIHEAR_TEMPLE,83381.26417261927,169,49,0
2024-11-10,TA_MUEN_THOM_TEMPLE,106100.97560716239,109,30,0
2024-11-10,TA_KRABEY_TEMPLE,113704.38971994918,152,26,0
2024-11-10,OSMACH_CHECKPOINT,88251.5402279442,137,55,0
2024-11-10,CHONG_CHOM_CHECKPOINT,121180.91349894778,192,49,0
2024-11-10,ARANYAPRATHET_POIPET,108450.13235717935,110,22,0
2024-11-10,PHANOM_DONG_RAK_RIDGE,82837.74897293579,195,55,0
2024-11-10,BAN_KRUAT,92410.23695638742,168,26,0
2024-11-10,KANTHARALAK,91884.6632415748,196,35,0
2024-11-10,SAMRAONG,87388.60046787235,161,37,0
2024-11-17,PREAH_VIHEAR_TEMPLE,81758.46279327862,107,36,0
2024-11-17,TA_MUEN_THOM_TEMPLE,98491.83425363521,169,45,0
2024-11-17,TA_KRABEY_TEMPLE,112515.8605106669,128,48,0
2024-11-17,OSMACH_CHECKPOINT,117563.84061626942,153,50,0
2024-11-17,CHONG_CHOM_CHECKPOINT,79563.28241551615,117,40,0
2024-11-17,ARANYAPRATHET_POIPET,95272.21644732196,142,28,0
2024-11-17,PHANOM_DONG_RAK_RIDGE,112151.88885717846,163,28,0
2024-11-17,BAN_KRUAT,81397.95000612704,147,40,0
2024-11-17,KANTHARALAK,90343.2098053169,197,38,0
2024-11-17,SAMRAONG,99116.31349001417,193,43,0
2024-11-24,PREAH_VIHEAR_TEMPLE,115703.00646157796,116,40,0
2024-11-24,TA_MUEN_THOM_TEMPLE,111505.01028689348,173,45,0
2024-11-24,TA_KRABEY_TEMPLE,122606.50705733888,135,25,0
2024-11-24,OSMACH_CHECKPOINT,95128.51492735918,108,53,0
2024-11-24,CHONG_CHOM_CHECKPOINT,95865.43394022166,166,21,0
2024-11-24,ARANYAPRATHET_POIPET,107042.61584696552,196,52,0
2024-11-24,PHANOM_DONG_RAK_RIDGE,92821.9775638892,170,21,0
2024-11-24,BAN_KRUAT,100092.30194567173,172,50,0
2024-11-24,KANTHARALAK,77359.78812831713,141,24,0
2024-11-24,SAMRAONG,116231.2722396228,189,21,0
2024-12-01,PREAH_VIHEAR_TEMPLE,122039.26307445727,104,41,0
2024-12-01,TA_MUEN_THOM_TEMPLE,94114.41857731366,147,58,0
2024-12-01,TA_KRABEY_TEMPLE,99532.71346043647,194,49,0
2024-12-01,OSMACH_CHECKPOINT,104257.84766739311,107,22,0
2024-12-01,CHONG_CHOM_CHECKPOINT,109612.68276567647,193,43,0
2024-12-01,ARANYAPRATHET_POIPET,91571.55456194158,110,29,0
2024-12-01,PHANOM_DONG_RAK_RIDGE,126297.1971038461,181,27,0
2024-12-01,BAN_KRUAT,88195.33633861029,111,54,0
2024-12-01,KANTHARALAK,133585.42269288655,138,53,0
2024-12-01,SAMRAONG,102521.88246796039,115,52,0
2024-12-08,PREAH_VIHEAR_TEMPLE,100412.6681020245,140,35,0
2024-12-08,TA_MUEN_THOM_TEMPLE,47470.3986641217,102,40,0
2024-12-08,TA_KRABEY_TEMPLE,97361.4966753703,159,31,0
2024-12-08,OSMACH_CHECKPOINT,85910.69103655331,130,50,0
2024-12-08,CHONG_CHOM_CHECKPOINT,102263.08217878074,178,41,0
2024-12-08,ARANYAPRATHET_POIPET,104838.63050755936,157,47,0
2024-12-08,PHANOM_DONG_RAK_RIDGE,68327.80926418086,77,42,1
2024-12-08,BAN_KRUAT,95435.0219692238,168,55,0
2024-12-08,KANTHARALAK,128971.02069360117,114,43,0
2024-12-08,SAMRAONG,108895.02348173631,195,27,0
2024-12-15,PREAH_VIHEAR_TEMPLE,105590.86351794259,134,26,0
2024-12-15,TA_MUEN_THOM_TEMPLE,128152.00350203189,183,52,0
2024-12-15,TA_KRABEY_TEMPLE,116485.46665383337,138,41,0
2024-12-15,OSMACH_CHECKPOINT,84654.89195042767,138,26,0
2024-12-15,CHONG_CHOM_CHECKPOINT,103364.7002902646,184,59,0
2024-12-15,ARANYAPRATHET_POIPET,86695.23575206721,155,27,0
2024-12-15,PHANOM_DONG_RAK_RIDGE,118239.25569905984,112,20,0
2024-12-15,BAN_KRUAT,90947.78135738413,149,28,0
2024-12-15,KANTHARALAK,108273.1086686035,155,56,0
2024-12-15,SAMRAONG,110718.85142534903,160,52,0
2024-12-22,PREAH_VIHEAR_TEMPLE,116530.06781740778,182,27,0
2024-12-22,TA_MUEN_THOM_TEMPLE,89667.95045162516,175,59,0
2024-12-22,TA_KRABEY_TEMPLE,88752.72188059082,109,51,0
2024-12-22,OSMACH_CHECKPOINT,112406.03800011733,153,56,0
2024-12-22,CHONG_CHOM_CHECKPOINT,100422.33709533523,158,52,0
2024-12-22,ARANYAPRATHET_POIPET,110256.37660453506,136,43,0
2024-12-22,PHANOM_DONG_RAK_RIDGE,121424.3188151786,168,41,0
2024-12-22,BAN_KRUAT,112011.22893643039,163,32,0
2024-12-22,KANTHARALAK,116738.30762271886,136,33,0
2024-12-22,SAMRAONG,115006.69489816984,178,24,0
2024-12-29,PREAH_VIHEAR_TEMPLE,99778.9156885524,126,59,0
2024-12-29,TA_MUEN_THOM_TEMPLE,81542.26075455065,142,44,0
2024-12-29,TA_KRABEY_TEMPLE,91031.43203547275,126,39,0
2024-12-29,OSMACH_CHECKPOINT,103118.79440152967,126,57,0
2024-12-29,CHONG_CHOM_CHECKPOINT,82194.0410147123,191,33,0
2024-12-29,ARANYAPRATHET_POIPET,79264.6851770106,162,31,0
2024-12-29,PHANOM_DONG_RAK_RIDGE,70203.7319457806,115,24,0
2024-12-29,BAN_KRUAT,119895.29107430854,111,30,0
2024-12-29,KANTHARALAK,116274.39634563227,161,58,0
2024-12-29,SAMRAONG,82716.82237327452,140,21,0
2025-01-05,PREAH_VIHEAR_TEMPLE,106485.6132552822,126,56,0
2025-01-05,TA_MUEN_THOM_TEMPLE,119480.62336557369,185,52,0
2025-01-05,TA_KRABEY_TEMPLE,97257.19533038857,134,47,0
2025-01-05,OSMACH_CHECKPOINT,83567.92275073624,153,26,0
2025-01-05,CHONG_CHOM_CHECKPOINT,116214.02421403088,124,56,0
2025-01-05,ARANYAPRATHET_POIPET,92347.83604037187,175,38,0
2025-01-05,PHANOM_DONG_RAK_RIDGE,87297.555534106,101,25,0
2025-01-05,BAN_KRUAT,98490.33496819893,153,31,0
2025-01-05,KANTHARALAK,111871.48573882527,166,44,0
2025-01-05,SAMRAONG,127767.90720019981,115,46,0
2025-01-12,PREAH_VIHEAR_TEMPLE,100388.16705698373,127,47,0
2025-01-12,TA_MUEN_THOM_TEMPLE,82301.63245834458,166,26,0
2025-01-12,TA_KRABEY_TEMPLE,109916.67718545115,116,32,0
2025-01-12,OSMACH_CHECKPOINT,107349.49695836614,119,49,0
2025-01-12,CHONG_CHOM_CHECKPOINT,135005.05530725757,149,57,0
2025-01-12,ARANYAPRATHET_POIPET,110461.60311503978,174,26,0
2025-01-12,PHANOM_DONG_RAK_RIDGE,90045.38622986703,184,47,0
2025-01-12,BAN_KRUAT,100411.76304824259,170,25,0
2025-01-12,KANTHARALAK,117216.74376434315,115,37,0
2025-01-12,SAMRAONG,118496.39513236328,150,52,0
2025-01-19,PREAH_VIHEAR_TEMPLE,100255.03569274802,108,41,0
2025-01-19,TA_MUEN_THOM_TEMPLE,106212.17442411414,162,53,0
2025-01-19,TA_KRABEY_TEMPLE,104088.05037439636,108,58,0
2025-01-19,OSMACH_CHECKPOINT,107859.57025927845,184,25,0
2025-01-19,CHONG_CHOM_CHECKPOINT,108171.22152496358,128,46,0
2025-01-19,ARANYAPRATHET_POIPET,94232.26554130256,181,34,0
2025-01-19,PHANOM_DONG_RAK_RIDGE,105250.08748935568,126,48,0
2025-01-19,BAN_KRUAT,117751.88783976932,149,41,0
2025-01-19,KANTHARALAK,84247.1314707257,135,30,0
2025-01-19,SAMRAONG,88400.8254617186,164,52,0
2025-01-26,PREAH_VIHEAR_TEMPLE,108249.3810676621,176,21,0
2025-01-26,TA_MUEN_THOM_TEMPLE,75098.52443986118,181,41,0
2025-01-26,TA_KRABEY_TEMPLE,119921.76804172242,163,56,0
2025-01-26,OSMACH_CHECKPOINT,85341.33006738391,172,51,0
2025-01-26,CHONG_CHOM_CHECKPOINT,109045.39454342368,194,33,0
2025-01-26,ARANYAPRATHET_POIPET,93380.92253089292,156,29,0
2025-01-26,PHANOM_DONG_RAK_RIDGE,117139.34740140542,189,22,0
2025-01-26,BAN_KRUAT,114778.56325413674,181,49,0
2025-01-26,KANTHARALAK,86583.37048495369,126,20,0
2025-01-26,SAMRAONG,117135.2986525338,129,46,0
2025-02-02,PREAH_VIHEAR_TEMPLE,123715.11420860708,109,36,0
2025-02-02,TA_MUEN_THOM_TEMPLE,98953.46413128737,197,31,0
2025-02-02,TA_KRABEY_TEMPLE,90827.3956915448,150,48,0
2025-02-02,OSMACH_CHECKPOINT,108986.01322312446,150,53,0
2025-02-02,CHONG_CHOM_CHECKPOINT,78641.53314086993,123,29,0
2025-02-02,ARANYAPRATHET_POIPET,87382.83267717464,103,47,0
2025-02-02,PHANOM_DONG_RAK_RIDGE,99069.79012055513,157,51,0
2025-02-02,BAN_KRUAT,115213.68955272416,137,46,0
2025-02-02,KANTHARALAK,119633.53809640984,179,45,0
2025-02-02,SAMRAONG,105790.91461369197,107,43,0
2025-02-09,PREAH_VIHEAR_TEMPLE,95149.34537689712,114,27,0
2025-02-09,TA_MUEN_THOM_TEMPLE,103635.19022233011,132,52,0
2025-02-09,TA_KRABEY_TEMPLE,117992.90410273512,156,57,0
2025-02-09,OSMACH_CHECKPOINT,103138.25061401878,189,53,0
2025-02-09,CHONG_CHOM_CHECKPOINT,131287.41128615584,170,26,0
2025-02-09,ARANYAPRATHET_POIPET,74345.03847713691,145,37,0
2025-02-09,PHANOM_DONG_RAK_RIDGE,82969.69346639382,141,28,0
2025-02-09,BAN_KRUAT,85682.56886834161,173,44,0
2025-02-09,KANTHARALAK,84565.78643567034,153,30,0
2025-02-09,SAMRAONG,89237.10361741653,170,44,0
2025-02-16,PREAH_VIHEAR_TEMPLE,99108.96626644689,106,29,0
2025-02-16,TA_MUEN_THOM_TEMPLE,105007.48032614132,189,53,0
2025-02-16,TA_KRABEY_TEMPLE,98663.60780479174,152,48,0
2025-02-16,OSMACH_CHECKPOINT,104044.04954867801,127,44,1
2025-02-16,CHONG_CHOM_CHECKPOINT,106357.7213999848,152,27,0
2025-02-16,ARANYAPRATHET_POIPET,84169.69460590194,118,52,0
2025-02-16,PHANOM_DONG_RAK_RIDGE,83986.08649819046,149,38,0
2025-02-16,BAN_KRUAT,103216.45850441736,148,50,0
2025-02-16,KANTHARALAK,118737.45136179146,188,40,0
2025-02-16,SAMRAONG,98527.35582942508,109,50,0
2025-02-23,PREAH_VIHEAR_TEMPLE,90877.67445879104,110,49,0
2025-02-23,TA_MUEN_THOM_TEMPLE,97407.6777082115,153,47,0
2025-02-23,TA_KRABEY_TEMPLE,103187.3871034882,178,21,0
2025-02-23,OSMACH_CHECKPOINT,81162.39790319378,153,47,0
2025-02-23,CHONG_CHOM_CHECKPOINT,79632.53061607138,128,46,0
2025-02-23,ARANYAPRATHET_POIPET,82368.07040105741,156,21,0
2025-02-23,PHANOM_DONG_RAK_RIDGE,92752.23579895121,63,21,1
2025-02-23,BAN_KRUAT,97539.93799335787,125,53,0
2025-02-23,KANTHARALAK,108796.9128951065,158,36,0
2025-02-23,SAMRAONG,108169.48769205678,110,29,0
2025-03-02,PREAH_VIHEAR_TEMPLE,90695.27641981663,143,21,0
2025-03-02,TA_MUEN_THOM_TEMPLE,92545.33321001621,166,53,0
2025-03-02,TA_KRABEY_TEMPLE,95699.33929228429,175,33,0
2025-03-02,OSMACH_CHECKPOINT,88235.32919520723,188,39,0
2025-03-02,CHONG_CHOM_CHECKPOINT,70171.95517153051,112,23,0
2025-03-02,ARANYAPRATHET_POIPET,84109.4627596739,160,51,0
2025-03-02,PHANOM_DONG_RAK_RIDGE,97973.29047301381,127,26,0
2025-03-02,BAN_KRUAT,92609.12817624905,160,21,0
2025-03-02,KANTHARALAK,78175.83084087094,181,21,0
2025-03-02,SAMRAONG,106938.93806393965,196,28,0
2025-03-09,PREAH_VIHEAR_TEMPLE,119947.21883779412,186,44,0
2025-03-09,TA_MUEN_THOM_TEMPLE,103982.4262585944,199,35,0
2025-03-09,TA_KRABEY_TEMPLE,104963.02907180165,172,38,1
2025-03-09,OSMACH_CHECKPOINT,96301.78350991095,156,28,0
2025-03-09,CHONG_CHOM_CHECKPOINT,100684.10717571502,95,35,0
2025-03-09,ARANYAPRATHET_POIPET,105305.96791987977,118,54,0
2025-03-09,PHANOM_DONG_RAK_RIDGE,100699.6212442326,170,22,0
2025-03-09,BAN_KRUAT,107338.78560486098,137,57,0
2025-03-09,KANTHARALAK,83034.5276719948,190,37,0
2025-03-09,SAMRAONG,109845.4194522898,141,54,0
2025-03-16,PREAH_VIHEAR_TEMPLE,74681.93297958636,107,41,0
2025-03-16,TA_MUEN_THOM_TEMPLE,120442.07972601814,146,25,0
2025-03-16,TA_KRABEY_TEMPLE,123688.39279828014,170,49,0
2025-03-16,OSMACH_CHECKPOINT,84939.16439490119,190,34,0
2025-03-16,CHONG_CHOM_CHECKPOINT,113894.05911405483,147,54,0
2025-03-16,ARANYAPRATHET_POIPET,93159.19027832424,170,29,0
2025-03-16,PHANOM_DONG_RAK_RIDGE,101495.08508345547,113,54,0
2025-03-16,BAN_KRUAT,104872.13933140338,181,40,0
2025-03-16,KANTHARALAK,88796.47087576306,102,57,0
2025-03-16,SAMRAONG,118094.24348283447,192,47,0
2025-03-23,PREAH_VIHEAR_TEMPLE,63933.19621700213,150,28,0
2025-03-23,TA_MUEN_THOM_TEMPLE,121787.46048844195,110,24,0
2025-03-23,TA_KRABEY_TEMPLE,102239.61920495603,152,33,0
2025-03-23,OSMACH_CHECKPOINT,134956.25875394352,127,34,0
2025-03-23,CHONG_CHOM_CHECKPOINT,106488.59888173756,193,28,0
2025-03-23,ARANYAPRATHET_POIPET,99791.07705029575,152,23,0
2025-03-23,PHANOM_DONG_RAK_RIDGE,82480.10162199789,191,28,0
2025-03-23,BAN_KRUAT,95816.96129810251,185,49,0
2025-03-23,KANTHARALAK,86405.59797847175,159,56,0
2025-03-23,SAMRAONG,97614.57628919941,176,52,0
2025-03-30,PREAH_VIHEAR_TEMPLE,106112.05925074316,101,50,0
2025-03-30,TA_MUEN_THOM_TEMPLE,86234.829633875,187,37,0
2025-03-30,TA_KRABEY_TEMPLE,96542.8086659845,119,28,1
2025-03-30,OSMACH_CHECKPOINT,93603.88710742955,100,57,0
2025-03-30,CHONG_CHOM_CHECKPOINT,95139.37774521238,150,30,0
2025-03-30,ARANYAPRATHET_POIPET,87470.88324864532,144,50,0
2025-03-30,PHANOM_DONG_RAK_RIDGE,96024.55671757806,147,55,0
2025-03-30,BAN_KRUAT,116195.55305280632,122,40,0
2025-03-30,KANTHARALAK,101580.55369246384,195,49,0
2025-03-30,SAMRAONG,95872.50312367435,189,53,0
2025-04-06,PREAH_VIHEAR_TEMPLE,103991.48837463683,150,31,0
2025-04-06,TA_MUEN_THOM_TEMPLE,84342.3334908919,183,41,0
2025-04-06,TA_KRABEY_TEMPLE,111287.18320015518,119,27,0
2025-04-06,OSMACH_CHECKPOINT,103001.67840258585,101,28,0
2025-04-06,CHONG_CHOM_CHECKPOINT,117266.37080080493,135,40,0
2025-04-06,ARANYAPRATHET_POIPET,124124.09063162404,130,38,0
2025-04-06,PHANOM_DONG_RAK_RIDGE,66142.04441441543,87,27,1
2025-04-06,BAN_KRUAT,126719.26153874831,192,48,0
2025-04-06,KANTHARALAK,101722.85585916472,172,50,0
2025-04-06,SAMRAONG,110510.26567817973,185,24,0
2025-04-13,PREAH_VIHEAR_TEMPLE,90296.36416929871,187,21,0
2025-04-13,TA_MUEN_THOM_TEMPLE,80931.96995244903,137,52,0
2025-04-13,TA_KRABEY_TEMPLE,109194.7729474447,153,21,0
2025-04-13,OSMACH_CHECKPOINT,97928.86005147654,102,38,0
2025-04-13,CHONG_CHOM_CHECKPOINT,92912.53766264672,194,24,0
2025-04-13,ARANYAPRATHET_POIPET,78224.59929960848,121,44,0
2025-04-13,PHANOM_DONG_RAK_RIDGE,64791.923772742615,140,42,0
2025-04-13,BAN_KRUAT,96071.06600555449,163,31,0
2025-04-13,KANTHARALAK,87905.07797301227,154,26,0
2025-04-13,SAMRAONG,111122.61654083939,164,28,0
2025-04-20,PREAH_VIHEAR_TEMPLE,119770.82708540541,165,26,0
2025-04-20,TA_MUEN_THOM_TEMPLE,87867.6569967362,116,41,0
2025-04-20,TA_KRABEY_TEMPLE,80366.77189291768,111,59,0
2025-04-20,OSMACH_CHECKPOINT,118939.90431246208,116,26,0
2025-04-20,CHONG_CHOM_CHECKPOINT,100467.7611799666,146,23,0
2025-04-20,ARANYAPRATHET_POIPET,91279.33807219799,188,45,0
2025-04-20,PHANOM_DONG_RAK_RIDGE,100767.80468390093,174,57,0
2025-04-20,BAN_KRUAT,123144.00106058555,174,22,0
2025-04-20,KANTHARALAK,119364.80007931833,198,53,0
2025-04-20,SAMRAONG,88747.1296758536,178,48,0
2025-04-27,PREAH_VIHEAR_TEMPLE,77752.65114785283,170,52,0
2025-04-27,TA_MUEN_THOM_TEMPLE,102914.49943066027,108,47,0
2025-04-27,TA_KRABEY_TEMPLE,103224.05478498302,134,39,0
2025-04-27,OSMACH_CHECKPOINT,81469.59158086388,100,54,0
2025-04-27,CHONG_CHOM_CHECKPOINT,117476.13282342296,156,22,0
2025-04-27,ARANYAPRATHET_POIPET,94791.68630057682,166,24,0
2025-04-27,PHANOM_DONG_RAK_RIDGE,101123.67849908567,162,43,0
2025-04-27,BAN_KRUAT,60847.10906639469,157,26,0
2025-04-27,KANTHARALAK,117656.00100384434,141,54,0
2025-04-27,SAMRAONG,118291.6025027832,178,46,0
2025-05-04,PREAH_VIHEAR_TEMPLE,82987.65478834875,165,31,0
2025-05-04,TA_MUEN_THOM_TEMPLE,121669.06659176006,193,22,0
2025-05-04,TA_KRABEY_TEMPLE,96220.215735353,113,38,0
2025-05-04,OSMACH_CHECKPOINT,95503.03754523976,174,31,0
2025-05-04,CHONG_CHOM_CHECKPOINT,128485.97017488473,127,49,0
2025-05-04,ARANYAPRATHET_POIPET,108315.5662849363,168,40,0
2025-05-04,PHANOM_DONG_RAK_RIDGE,85385.06984566654,150,48,0
2025-05-04,BAN_KRUAT,105413.60314626609,114,37,0
2025-05-04,KANTHARALAK,103178.18584880028,185,51,0
2025-05-04,SAMRAONG,101312.24193321048,120,55,0
2025-05-11,PREAH_VIHEAR_TEMPLE,96479.5408586248,155,22,0
2025-05-11,TA_MUEN_THOM_TEMPLE,98045.7612823992,162,39,0
2025-05-11,TA_KRABEY_TEMPLE,85128.39140872285,183,32,0
2025-05-11,OSMACH_CHECKPOINT,111737.89472621867,184,41,0
2025-05-11,CHONG_CHOM_CHECKPOINT,123505.58123200403,162,54,0
2025-05-11,ARANYAPRATHET_POIPET,73359.976129931,172,28,0
2025-05-11,PHANOM_DONG_RAK_RIDGE,97901.6946060229,198,59,0
2025-05-11,BAN_KRUAT,108773.14325634387,113,27,0
2025-05-11,KANTHARALAK,82129.8403662918,173,40,0
2025-05-11,SAMRAONG,55269.03176333695,140,24,0
2025-05-18,PREAH_VIHEAR_TEMPLE,71372.54561361377,117,38,0
2025-05-18,TA_MUEN_THOM_TEMPLE,94463.19210516792,152,34,0
2025-05-18,TA_KRABEY_TEMPLE,108723.61000259122,103,32,0
2025-05-18,OSMACH_CHECKPOINT,109700.29299493345,163,22,0
2025-05-18,CHONG_CHOM_CHECKPOINT,129403.35932713866,141,58,0
2025-05-18,ARANYAPRATHET_POIPET,109238.87055602203,177,36,0
2025-05-18,PHANOM_DONG_RAK_RIDGE,71988.84377052727,197,56,0
2025-05-18,BAN_KRUAT,105298.2956309443,199,53,0
2025-05-18,KANTHARALAK,104604.82323820268,159,49,0
2025-05-18,SAMRAONG,103426.92927883838,154,42,0
2025-05-25,PREAH_VIHEAR_TEMPLE,60057.55937136538,110,59,0
2025-05-25,TA_MUEN_THOM_TEMPLE,79727.07930327028,146,34,0
2025-05-25,TA_KRABEY_TEMPLE,100239.29213289071,142,27,0
2025-05-25,OSMACH_CHECKPOINT,109845.10498937216,140,24,0
2025-05-25,CHONG_CHOM_CHECKPOINT,109616.98670243306,128,36,0
2025-05-25,ARANYAPRATHET_POIPET,113457.81762519726,193,20,0
2025-05-25,PHANOM_DONG_RAK_RIDGE,82609.80982366396,169,41,0
2025-05-25,BAN_KRUAT,88064.89396552685,159,41,0
2025-05-25,KANTHARALAK,129824.81674795774,115,21,0
2025-05-25,SAMRAONG,130395.83976374009,133,46,0
2025-06-01,PREAH_VIHEAR_TEMPLE,79924.74293345696,130,43,0
2025-06-01,TA_MUEN_THOM_TEMPLE,86665.80565706003,135,59,0
2025-06-01,TA_KRABEY_TEMPLE,89006.47869060423,181,20,0
2025-06-01,OSMACH_CHECKPOINT,126139.30439158005,188,33,0
2025-06-01,CHONG_CHOM_CHECKPOINT,104747.1154217332,133,57,0
2025-06-01,ARANYAPRATHET_POIPET,74348.92126072668,150,26,0
2025-06-01,PHANOM_DONG_RAK_RIDGE,79704.61546294106,127,35,0
2025-06-01,BAN_KRUAT,88694.5382420066,164,46,0
2025-06-01,KANTHARALAK,97966.93048252776,188,45,0
2025-06-01,SAMRAONG,92930.28910597715,121,41,0
2025-06-08,PREAH_VIHEAR_TEMPLE,96346.6286709424,117,47,0
2025-06-08,TA_MUEN_THOM_TEMPLE,79424.91476862086,149,23,0
2025-06-08,TA_KRABEY_TEMPLE,127455.28722489296,174,48,0
2025-06-08,OSMACH_CHECKPOINT,102604.51537153448,139,48,0
2025-06-08,CHONG_CHOM_CHECKPOINT,121746.90931939211,190,31,0
2025-06-08,ARANYAPRATHET_POIPET,97510.49113834606,148,32,0
2025-06-08,PHANOM_DONG_RAK_RIDGE,94884.90743522595,115,28,0
2025-06-08,BAN_KRUAT,101694.09264556745,185,34,0
2025-06-08,KANTHARALAK,107269.25121266345,117,20,0
2025-06-08,SAMRAONG,105387.50333500652,193,25,0
2025-06-15,PREAH_VIHEAR_TEMPLE,101253.58845822902,189,43,0
2025-06-15,TA_MUEN_THOM_TEMPLE,101006.79476246337,111,58,0
2025-06-15,TA_KRABEY_TEMPLE,94222.73199044346,187,54,0
2025-06-15,OSMACH_CHECKPOINT,74512.3877068648,127,26,0
2025-06-15,CHONG_CHOM_CHECKPOINT,91825.29161188702,188,49,0
2025-06-15,ARANYAPRATHET_POIPET,110551.80975467572,104,54,0
2025-06-15,PHANOM_DONG_RAK_RIDGE,98642.51534095417,153,59,0
2025-06-15,BAN_KRUAT,119977.36925237998,170,49,0
2025-06-15,KANTHARALAK,78643.66234136549,196,51,0
2025-06-15,SAMRAONG,84412.02358940986,151,44,0
2025-06-22,PREAH_VIHEAR_TEMPLE,87184.60187734048,175,45,0
2025-06-22,TA_MUEN_THOM_TEMPLE,98437.47040204721,163,32,0
2025-06-22,TA_KRABEY_TEMPLE,103927.74850937782,127,43,0
2025-06-22,OSMACH_CHECKPOINT,116893.9073505585,147,44,0
2025-06-22,CHONG_CHOM_CHECKPOINT,64508.258821882184,112,59,0
2025-06-22,ARANYAPRATHET_POIPET,95041.66609101546,115,22,0
2025-06-22,PHANOM_DONG_RAK_RIDGE,101128.6076165739,167,22,0
2025-06-22,BAN_KRUAT,111978.6213635762,132,26,0
2025-06-22,KANTHARALAK,92441.4940096366,105,26,0
2025-06-22,SAMRAONG,93086.16211554853,121,21,0
2025-06-29,PREAH_VIHEAR_TEMPLE,94861.48499352751,143,43,0
2025-06-29,TA_MUEN_THOM_TEMPLE,74129.46985727493,148,35,0
2025-06-29,TA_KRABEY_TEMPLE,81074.53240057077,151,50,0
2025-06-29,OSMACH_CHECKPOINT,112118.33205246628,128,40,0
2025-06-29,CHONG_CHOM_CHECKPOINT,86459.6961908916,101,54,0
2025-06-29,ARANYAPRATHET_POIPET,109720.11587320636,104,30,0
2025-06-29,PHANOM_DONG_RAK_RIDGE,85449.45614803115,179,33,0
2025-06-29,BAN_KRUAT,113788.10312814702,107,58,0
2025-06-29,KANTHARALAK,115891.67782385112,162,25,0
2025-06-29,SAMRAONG,63493.350058903576,147,46,1
2025-07-06,PREAH_VIHEAR_TEMPLE,99963.11329795903,161,22,0
2025-07-06,TA_MUEN_THOM_TEMPLE,104307.03242137795,179,58,0
2025-07-06,TA_KRABEY_TEMPLE,107897.0231720191,108,53,0
2025-07-06,OSMACH_CHECKPOINT,74331.31525229367,194,52,0
2025-07-06,CHONG_CHOM_CHECKPOINT,78520.78541620194,145,38,0
2025-07-06,ARANYAPRATHET_POIPET,108915.99786969548,164,39,0
2025-07-06,PHANOM_DONG_RAK_RIDGE,78909.0119522626,159,28,0
2025-07-06,BAN_KRUAT,91540.21615491125,172,45,0
2025-07-06,KANTHARALAK,84993.0071514686,120,20,0
2025-07-06,SAMRAONG,102115.13255733436,156,55,0
2025-07-13,PREAH_VIHEAR_TEMPLE,61275.043482876055,105,48,0
2025-07-13,TA_MUEN_THOM_TEMPLE,110170.5924343226,175,59,0
2025-07-13,TA_KRABEY_TEMPLE,91080.43814249305,156,39,0
2025-07-13,OSMACH_CHECKPOINT,101845.5116997119,191,54,0
2025-07-13,CHONG_CHOM_CHECKPOINT,77384.20663684455,122,43,0
2025-07-13,ARANYAPRATHET_POIPET,98845.27906502369,197,48,0
2025-07-13,PHANOM_DONG_RAK_RIDGE,87904.99327780846,105,31,0
2025-07-13,BAN_KRUAT,135529.75584463423,181,58,0
2025-07-13,KANTHARALAK,84775.94054657489,187,24,0
2025-07-13,SAMRAONG,87116.92382792952,141,39,1
2025-07-20,PREAH_VIHEAR_TEMPLE,106001.90176116311,143,58,0
2025-07-20,TA_MUEN_THOM_TEMPLE,124142.18815016496,186,20,0
2025-07-20,TA_KRABEY_TEMPLE,97097.97344915477,126,43,0
2025-07-20,OSMACH_CHECKPOINT,71046.99939899055,103,30,0
2025-07-20,CHONG_CHOM_CHECKPOINT,93706.09595937765,121,58,0
2025-07-20,ARANYAPRATHET_POIPET,110080.16924939222,125,57,0
2025-07-20,PHANOM_DONG_RAK_RIDGE,82461.32948808184,106,24,0
2025-07-20,BAN_KRUAT,97725.53369534691,110,46,0
2025-07-20,KANTHARALAK,96959.2193162987,173,55,0
2025-07-20,SAMRAONG,69708.52153142243,183,51,0
2025-07-27,PREAH_VIHEAR_TEMPLE,93334.50255714133,161,53,0
2025-07-27,TA_MUEN_THOM_TEMPLE,118904.65684197388,108,28,0
2025-07-27,TA_KRABEY_TEMPLE,90082.7242902182,107,30,0
2025-07-27,OSMACH_CHECKPOINT,104560.78678064067,151,53,0
2025-07-27,CHONG_CHOM_CHECKPOINT,87518.68614110794,154,57,0
2025-07-27,ARANYAPRATHET_POIPET,118728.93067936639,119,52,0
2025-07-27,PHANOM_DONG_RAK_RIDGE,74073.28178160777,130,30,0
2025-07-27,BAN_KRUAT,116776.57308509244,142,54,0
2025-07-27,KANTHARALAK,98839.83792976465,110,25,0
2025-07-27,SAMRAONG,84572.51050517957,193,52,0
2025-08-03,PREAH_VIHEAR_TEMPLE,111363.75590500003,143,33,0
2025-08-03,TA_MUEN_THOM_TEMPLE,103873.10700279988,134,43,0
2025-08-03,TA_KRABEY_TEMPLE,123942.75994846175,117,20,0
2025-08-03,OSMACH_CHECKPOINT,97460.78519760848,173,24,0
2025-08-03,CHONG_CHOM_CHECKPOINT,80594.58610438292,166,57,0
2025-08-03,ARANYAPRATHET_POIPET,92340.99348854748,128,52,0
2025-08-03,PHANOM_DONG_RAK_RIDGE,84229.62615939423,142,24,0
2025-08-03,BAN_KRUAT,104488.77258774271,103,26,0
2025-08-03,KANTHARALAK,98971.57483938418,128,31,0
2025-08-03,SAMRAONG,96179.12688892584,182,30,0
2025-08-10,PREAH_VIHEAR_TEMPLE,93010.70992009966,161,27,0
2025-08-10,TA_MUEN_THOM_TEMPLE,110312.73443552792,183,23,0
2025-08-10,TA_KRABEY_TEMPLE,115933.47786121539,130,25,0
2025-08-10,OSMACH_CHECKPOINT,97511.17992518512,108,38,0
2025-08-10,CHONG_CHOM_CHECKPOINT,71054.9300789555,188,59,0
2025-08-10,ARANYAPRATHET_POIPET,124212.66876230744,150,58,0
2025-08-10,PHANOM_DONG_RAK_RIDGE,74390.70036694943,98,44,1
2025-08-10,BAN_KRUAT,120808.42821711663,197,32,0
2025-08-10,KANTHARALAK,104785.65463673898,114,45,0
2025-08-10,SAMRAONG,81080.54143735349,107,54,0
2025-08-17,PREAH_VIHEAR_TEMPLE,105278.39223675491,149,44,0
2025-08-17,TA_MUEN_THOM_TEMPLE,64319.74916960721,156,58,0
2025-08-17,TA_KRABEY_TEMPLE,111339.77419032725,190,24,0
2025-08-17,OSMACH_CHECKPOINT,127288.12457668228,198,30,0
2025-08-17,CHONG_CHOM_CHECKPOINT,114312.7986068097,133,45,0
2025-08-17,ARANYAPRATHET_POIPET,94620.97913140558,168,41,0
2025-08-17,PHANOM_DONG_RAK_RIDGE,45140.87837024348,102,40,0
2025-08-17,BAN_KRUAT,76896.12082835245,104,44,0
2025-08-17,KANTHARALAK,108304.83628520044,124,24,0
2025-08-17,SAMRAONG,75935.60774620964,152,35,0
2025-08-24,PREAH_VIHEAR_TEMPLE,83815.85496506758,133,24,0
2025-08-24,TA_MUEN_THOM_TEMPLE,93356.88306931194,191,39,0
2025-08-24,TA_KRABEY_TEMPLE,137367.02400835862,182,58,0
2025-08-24,OSMACH_CHECKPOINT,109711.1405082761,108,55,0
2025-08-24,CHONG_CHOM_CHECKPOINT,55892.85062103895,134,48,0
2025-08-24,ARANYAPRATHET_POIPET,98206.78420302535,184,28,0
2025-08-24,PHANOM_DONG_RAK_RIDGE,99033.67269196954,117,58,0
2025-08-24,BAN_KRUAT,88162.17642001051,141,32,0
2025-08-24,KANTHARALAK,101339.72012549046,182,57,0
2025-08-24,SAMRAONG,97863.92603914686,120,52,0
2025-08-31,PREAH_VIHEAR_TEMPLE,104608.25219919908,100,53,0
2025-08-31,TA_MUEN_THOM_TEMPLE,86359.340693949,149,25,0
2025-08-31,TA_KRABEY_TEMPLE,85804.00325085504,145,45,0
2025-08-31,OSMACH_CHECKPOINT,96334.9075884848,163,59,0
2025-08-31,CHONG_CHOM_CHECKPOINT,72354.28469328699,139,53,0
2025-08-31,ARANYAPRATHET_POIPET,98795.2655973338,140,54,0
2025-08-31,PHANOM_DONG_RAK_RIDGE,100773.13364032512,160,39,0
2025-08-31,BAN_KRUAT,114455.5265448004,101,24,0
2025-08-31,KANTHARALAK,106016.16717638783,172,58,0
2025-08-31,SAMRAONG,81484.1897913056,189,40,0
2025-09-07,PREAH_VIHEAR_TEMPLE,95176.43513856526,130,25,0
2025-09-07,TA_MUEN_THOM_TEMPLE,105083.66298117841,144,57,0
2025-09-07,TA_KRABEY_TEMPLE,113130.4970959317,184,26,0
2025-09-07,OSMACH_CHECKPOINT,94959.41094446712,124,55,0
2025-09-07,CHONG_CHOM_CHECKPOINT,119528.28073866392,183,43,0
2025-09-07,ARANYAPRATHET_POIPET,95776.21376469875,170,56,0
2025-09-07,PHANOM_DONG_RAK_RIDGE,90372.5405567522,181,43,0
2025-09-07,BAN_KRUAT,101655.30252538584,117,32,0
2025-09-07,KANTHARALAK,100318.27257027583,112,35,0
2025-09-07,SAMRAONG,104082.38840252667,143,37,0
2025-09-14,PREAH_VIHEAR_TEMPLE,74777.21618577566,73,54,0
2025-09-14,TA_MUEN_THOM_TEMPLE,66191.89827790203,172,32,0
2025-09-14,TA_KRABEY_TEMPLE,93915.29347933397,179,59,0
2025-09-14,OSMACH_CHECKPOINT,115027.7479638529,116,27,0
2025-09-14,CHONG_CHOM_CHECKPOINT,123905.29360722171,117,28,0
2025-09-14,ARANYAPRATHET_POIPET,100053.13624653718,115,35,0
2025-09-14,PHANOM_DONG_RAK_RIDGE,108615.82826491406,106,40,0
2025-09-14,BAN_KRUAT,114437.2781608206,190,31,0
2025-09-14,KANTHARALAK,110029.76744502474,152,24,0
2025-09-14,SAMRAONG,76983.08159578385,174,44,0
2025-09-21,PREAH_VIHEAR_TEMPLE,108614.72061563685,134,53,0
2025-09-21,TA_MUEN_THOM_TEMPLE,123515.21452271045,164,56,0
2025-09-21,TA_KRABEY_TEMPLE,108554.78900285924,170,53,0
2025-09-21,OSMACH_CHECKPOINT,135561.4605279259,110,31,0
2025-09-21,CHONG_CHOM_CHECKPOINT,96376.03234935271,160,21,0
2025-09-21,ARANYAPRATHET_POIPET,84236.9370243198,122,31,0
2025-09-21,PHANOM_DONG_RAK_RIDGE,122518.80725578763,168,27,0
2025-09-21,BAN_KRUAT,85879.8880268063,114,23,0
2025-09-21,KANTHARALAK,99866.41279322276,113,57,0
2025-09-21,SAMRAONG,79097.63422262116,143,23,0
2025-09-28,PREAH_VIHEAR_TEMPLE,71245.9008955191,185,54,0
2025-09-28,TA_MUEN_THOM_TEMPLE,82643.42310277399,138,43,0
2025-09-28,TA_KRABEY_TEMPLE,88034.9539458141,124,53,0
2025-09-28,OSMACH_CHECKPOINT,90571.44677811948,162,41,0
2025-09-28,CHONG_CHOM_CHECKPOINT,93493.00477366973,182,36,0
2025-09-28,ARANYAPRATHET_POIPET,132611.9678611994,107,21,0
2025-09-28,PHANOM_DONG_RAK_RIDGE,96026.5845385232,170,36,0
2025-09-28,BAN_KRUAT,71218.2743320185,110,38,0
2025-09-28,KANTHARALAK,87106.59958359845,156,46,0
2025-09-28,SAMRAONG,84357.15660229311,153,51,0
2025-10-05,PREAH_VIHEAR_TEMPLE,89839.75739020034,86,41,1
2025-10-05,TA_MUEN_THOM_TEMPLE,91509.6927155249,91,45,0
2025-10-05,TA_KRABEY_TEMPLE,104297.78097417284,127,29,0
2025-10-05,OSMACH_CHECKPOINT,79663.41495531781,121,56,0
2025-10-05,CHONG_CHOM_CHECKPOINT,93034.07402994341,114,27,0
2025-10-05,ARANYAPRATHET_POIPET,80721.76977688854,126,32,0
2025-10-05,PHANOM_DONG_RAK_RIDGE,92400.4204564394,112,21,0
2025-10-05,BAN_KRUAT,107524.21439859073,120,42,0
2025-10-05,KANTHARALAK,97954.55608030382,152,50,0
2025-10-05,SAMRAONG,78673.82156664222,114,37,0
2025-10-12,PREAH_VIHEAR_TEMPLE,112617.08448137436,173,27,0
2025-10-12,TA_MUEN_THOM_TEMPLE,104590.97142370856,152,57,0
2025-10-12,TA_KRABEY_TEMPLE,104171.59974454663,129,38,0
2025-10-12,OSMACH_CHECKPOINT,93964.03956593083,104,27,0
2025-10-12,CHONG_CHOM_CHECKPOINT,117549.20550281013,191,45,0
2025-10-12,ARANYAPRATHET_POIPET,101887.75678212824,190,44,0
2025-10-12,PHANOM_DONG_RAK_RIDGE,89641.03118132106,110,51,0
2025-10-12,BAN_KRUAT,100740.5886758329,113,31,0
2025-10-12,KANTHARALAK,108906.71170184572,160,29,0
2025-10-12,SAMRAONG,113537.43165759987,195,49,0
2025-10-19,PREAH_VIHEAR_TEMPLE,111673.99831319836,126,35,0
2025-10-19,TA_MUEN_THOM_TEMPLE,96738.54197330435,185,25,0
2025-10-19,TA_KRABEY_TEMPLE,93078.81201827149,157,42,0
2025-10-19,OSMACH_CHECKPOINT,70503.13922973038,153,59,0
2025-10-19,CHONG_CHOM_CHECKPOINT,93053.15737185965,179,40,0
2025-10-19,ARANYAPRATHET_POIPET,108710.67653594806,146,40,0
2025-10-19,PHANOM_DONG_RAK_RIDGE,99575.75646234558,141,28,0
2025-10-19,BAN_KRUAT,96412.48587528558,136,53,0
2025-10-19,KANTHARALAK,100729.54720100254,100,45,0
2025-10-19,SAMRAONG,126837.78028976033,149,50,0
2025-10-26,PREAH_VIHEAR_TEMPLE,85211.60340074284,162,24,0
2025-10-26,TA_MUEN_THOM_TEMPLE,107558.53639447759,193,20,0
2025-10-26,TA_KRABEY_TEMPLE,60432.13221389963,159,45,0
2025-10-26,OSMACH_CHECKPOINT,86192.88505424476,129,43,0
2025-10-26,CHONG_CHOM_CHECKPOINT,103673.07457850267,187,41,0
2025-10-26,ARANYAPRATHET_POIPET,83662.53030294122,192,41,0
2025-10-26,PHANOM_DONG_RAK_RIDGE,93779.19241890755,123,56,0
2025-10-26,BAN_KRUAT,97893.7506292687,182,34,0
2025-10-26,KANTHARALAK,74704.03128137562,129,56,0
2025-10-26,SAMRAONG,116241.59395346126,151,58,0
2025-11-02,PREAH_VIHEAR_TEMPLE,107318.58176804389,106,55,0
2025-11-02,TA_MUEN_THOM_TEMPLE,88261.09188342246,194,36,0
2025-11-02,TA_KRABEY_TEMPLE,94759.20343750236,100,58,0
2025-11-02,OSMACH_CHECKPOINT,96993.33342870294,112,24,0
2025-11-02,CHONG_CHOM_CHECKPOINT,96525.66437123824,113,30,0
2025-11-02,ARANYAPRATHET_POIPET,110334.63085415057,141,51,0
2025-11-02,PHANOM_DONG_RAK_RIDGE,96059.16323098155,153,30,0
2025-11-02,BAN_KRUAT,105292.31637068953,179,50,0
2025-11-02,KANTHARALAK,104042.22315983594,140,47,0
2025-11-02,SAMRAONG,77870.37366876038,107,33,0
2025-11-09,PREAH_VIHEAR_TEMPLE,100029.05458791785,163,22,1
2025-11-09,TA_MUEN_THOM_TEMPLE,100559.89942856204,121,56,0
2025-11-09,TA_KRABEY_TEMPLE,88927.82931921011,101,52,0
2025-11-09,OSMACH_CHECKPOINT,113643.95353439052,103,54,0
2025-11-09,CHONG_CHOM_CHECKPOINT,87369.79002583657,131,56,0
2025-11-09,ARANYAPRATHET_POIPET,83606.55419577235,155,32,0
2025-11-09,PHANOM_DONG_RAK_RIDGE,71186.12473148276,190,41,0
2025-11-09,BAN_KRUAT,78065.82322084675,195,35,0
2025-11-09,KANTHARALAK,101175.1242422755,127,29,0
2025-11-09,SAMRAONG,95500.97120164149,165,53,0
2025-11-16,PREAH_VIHEAR_TEMPLE,104431.4147127554,198,29,0
2025-11-16,TA_MUEN_THOM_TEMPLE,93954.64963993758,126,34,0
2025-11-16,TA_KRABEY_TEMPLE,98097.02811591332,168,36,0
2025-11-16,OSMACH_CHECKPOINT,104923.94279525519,179,26,0
2025-11-16,CHONG_CHOM_CHECKPOINT,125443.64486519262,141,29,0
2025-11-16,ARANYAPRATHET_POIPET,90924.94336805047,108,34,0
2025-11-16,PHANOM_DONG_RAK_RIDGE,80757.6238822662,175,51,0
2025-11-16,BAN_KRUAT,90394.96952260619,135,38,0
2025-11-16,KANTHARALAK,119382.37471782452,185,38,0
2025-11-16,SAMRAONG,106327.89672627718,146,26,0
2025-11-23,PREAH_VIHEAR_TEMPLE,82122.73498510623,155,46,0
2025-11-23,TA_MUEN_THOM_TEMPLE,104983.8891417576,140,24,0
2025-11-23,TA_KRABEY_TEMPLE,129082.51703137012,127,46,0
2025-11-23,OSMACH_CHECKPOINT,89486.85987718221,108,50,0
2025-11-23,CHONG_CHOM_CHECKPOINT,84340.47150497216,108,31,0
2025-11-23,ARANYAPRATHET_POIPET,89280.99314782508,115,30,0
2025-11-23,PHANOM_DONG_RAK_RIDGE,87749.82186396197,127,55,0
2025-11-23,BAN_KRUAT,80024.84003484725,115,20,0
2025-11-23,KANTHARALAK,97898.35786814417,181,47,0
2025-11-23,SAMRAONG,114466.53781649216,178,56,0
2025-11-30,PREAH_VIHEAR_TEMPLE,117684.58134011689,167,37,0
2025-11-30,TA_MUEN_THOM_TEMPLE,79563.32551162035,152,52,0
2025-11-30,TA_KRABEY_TEMPLE,144565.30891238188,197,27,0
2025-11-30,OSMACH_CHECKPOINT,112984.66940348505,153,24,0
2025-11-30,CHONG_CHOM_CHECKPOINT,114832.95598430252,196,30,0
2025-11-30,ARANYAPRATHET_POIPET,101806.03077284258,143,29,0
2025-11-30,PHANOM_DONG_RAK_RIDGE,88145.01132422421,117,39,0
2025-11-30,BAN_KRUAT,122546.48838918455,103,36,0
2025-11-30,KANTHARALAK,111438.61122684334,145,21,0
2025-11-30,SAMRAONG,103985.29141755262,141,31,0
2025-12-07,PREAH_VIHEAR_TEMPLE,112789.40894049438,147,29,0
2025-12-07,TA_MUEN_THOM_TEMPLE,107010.18667322457,159,25,0
2025-12-07,TA_KRABEY_TEMPLE,93838.15986926516,82,51,0
2025-12-07,OSMACH_CHECKPOINT,105427.97151604432,166,50,0
2025-12-07,CHONG_CHOM_CHECKPOINT,119669.75763737861,113,55,0
2025-12-07,ARANYAPRATHET_POIPET,116320.02779264636,181,40,0
2025-12-07,PHANOM_DONG_RAK_RIDGE,101887.40327461477,138,33,0
2025-12-07,BAN_KRUAT,77799.60445033772,176,46,0
2025-12-07,KANTHARALAK,94918.29217786752,118,31,0
2025-12-07,SAMRAONG,80459.70048704071,105,22,0
2025-12-14,PREAH_VIHEAR_TEMPLE,133198.7607183613,137,33,0
2025-12-14,TA_MUEN_THOM_TEMPLE,112823.44206611157,162,46,0
2025-12-14,TA_KRABEY_TEMPLE,102949.16339980577,172,32,0
2025-12-14,OSMACH_CHECKPOINT,110093.35852399693,120,26,0
2025-12-14,CHONG_CHOM_CHECKPOINT,94563.57570761158,124,54,0
2025-12-14,ARANYAPRATHET_POIPET,93296.28557500175,175,43,0
2025-12-14,PHANOM_DONG_RAK_RIDGE,86412.71608506549,175,46,0
2025-12-14,BAN_KRUAT,93209.79754325563,174,35,0
2025-12-14,KANTHARALAK,97269.82583709457,160,27,0
2025-12-14,SAMRAONG,93935.17973469466,129,50,0
2025-12-21,PREAH_VIHEAR_TEMPLE,111953.88702312729,151,46,0
2025-12-21,TA_MUEN_THOM_TEMPLE,77450.70503191566,119,59,0
2025-12-21,TA_KRABEY_TEMPLE,94303.6692670332,133,56,0
2025-12-21,OSMACH_CHECKPOINT,95712.29257887996,117,49,0
2025-12-21,CHONG_CHOM_CHECKPOINT,74574.00402739964,118,40,0
2025-12-21,ARANYAPRATHET_POIPET,131144.5500123538,123,44,0
2025-12-21,PHANOM_DONG_RAK_RIDGE,104542.32244342851,135,21,0
2025-12-21,BAN_KRUAT,81648.76587324476,118,20,0
2025-12-21,KANTHARALAK,90002.44149309285,181,39,0
2025-12-21,SAMRAONG,136736.46985682944,127,34,0
2025-12-28,PREAH_VIHEAR_TEMPLE,82119.03707456755,148,57,0
2025-12-28,TA_MUEN_THOM_TEMPLE,89360.33206780038,172,53,0
2025-12-28,TA_KRABEY_TEMPLE,99434.13541295123,102,52,0
2025-12-28,OSMACH_CHECKPOINT,102432.80344258329,111,58,0
2025-12-28,CHONG_CHOM_CHECKPOINT,104425.0185170242,137,41,0
2025-12-28,ARANYAPRATHET_POIPET,116409.83378418916,131,41,0
2025-12-28,PHANOM_DONG_RAK_RIDGE,79855.7361838296,89,31,0
2025-12-28,BAN_KRUAT,91310.0649858565,138,57,0
2025-12-28,KANTHARALAK,83693.30412805692,193,33,0
2025-12-28,SAMRAONG,140701.53939386478,181,59,0
